<?xml version="1.0" encoding="utf-8" ?>
<SampleMetadata>
	<ID>274a6dc1-86c3-42a5-bc50-d283ab03c3e5</ID>
	<IsFullApplication>false</IsFullApplication>
	<Level>Advanced</Level>
	<Tags>User Interface, Custom Renderers, Xamarin.Forms</Tags>
	<SupportedPlatforms>iOS, Android, Windows</SupportedPlatforms>
	<LicenseRequirement>Indie</LicenseRequirement>
	<Gallery>true</Gallery>
	<Brief>This sample demonstrates a custom renderer for a Xamarin.Forms custom control that's used to display a preview video stream from the device's camera.</Brief>
</SampleMetadata>
